{"cameraMode":{"drawMode":0,"name":"Shaded","section":"Shading Mode"},"sceneLighting":true,"audioPlay":false,"sceneViewState":{"showFog":true,"showMaterialUpdate":false,"showSkybox":true,"showFlares":true,"showImageEffects":true,"showParticleSystems":true},"in2DMode":false,"pivot":{"x":0.013556666672229767,"y":0.005732641089707613,"z":0.15198564529418946},"rotation":{"x":0.001788234687410295,"y":0.11702130734920502,"z":0.00020343236974440515,"w":-0.9931425452232361},"size":0.01458769291639328,"orthographic":true}