{"cameraMode":{"drawMode":0,"name":"Shaded","section":"Shading Mode"},"sceneLighting":true,"audioPlay":false,"sceneViewState":{"showFog":true,"showMaterialUpdate":false,"showSkybox":true,"showFlares":true,"showImageEffects":true,"showParticleSystems":true},"in2DMode":false,"pivot":{"x":-0.008854089304804802,"y":0.022120708599686624,"z":0.20372891426086427},"rotation":{"x":-0.0006604728405363858,"y":0.9992749691009522,"z":0.017987873405218126,"w":0.03508099541068077},"size":0.01590023562312126,"orthographic":true}