{"cameraMode":{"drawMode":1,"name":"Wireframe","section":"Shading Mode"},"sceneLighting":true,"audioPlay":false,"sceneViewState":{"showFog":true,"showMaterialUpdate":false,"showSkybox":true,"showFlares":true,"showImageEffects":true,"showParticleSystems":true},"in2DMode":false,"pivot":{"x":0.027899008244276048,"y":0.024554714560508729,"z":0.16865190863609315},"rotation":{"x":-0.11888372898101807,"y":0.6570079326629639,"z":-0.1059446632862091,"w":-0.7369861006736755},"size":0.17317014932632447,"orthographic":false}