{"cameraMode":{"drawMode":0,"name":"Shaded","section":"Shading Mode"},"sceneLighting":true,"audioPlay":false,"sceneViewState":{"showFog":true,"showMaterialUpdate":false,"showSkybox":true,"showFlares":true,"showImageEffects":true,"showParticleSystems":true},"in2DMode":false,"pivot":{"x":0.1869727373123169,"y":-0.052459001541137698,"z":0.004652500152587891},"rotation":{"x":0.12404970079660416,"y":0.7442802786827087,"z":-0.14424651861190797,"w":0.6402575373649597},"size":0.4592834711074829,"orthographic":false}