{"cameraMode":{"drawMode":0,"name":"Shaded","section":"Shading Mode"},"sceneLighting":false,"audioPlay":false,"sceneViewState":{"showFog":true,"showMaterialUpdate":false,"showSkybox":true,"showFlares":true,"showImageEffects":true,"showParticleSystems":true},"in2DMode":false,"pivot":{"x":-0.000012861564755439758,"y":0.03860142081975937,"z":0.00428900308907032},"rotation":{"x":-0.05183925852179527,"y":0.6978086829185486,"z":-0.050752513110637668,"w":-0.7126181721687317},"size":0.17534971237182618,"orthographic":false}