{"cameraMode":{"drawMode":0,"name":"Shaded","section":"Shading Mode"},"sceneLighting":true,"audioPlay":false,"sceneViewState":{"showFog":true,"showMaterialUpdate":false,"showSkybox":true,"showFlares":true,"showImageEffects":true,"showParticleSystems":true},"in2DMode":false,"pivot":{"x":-0.06960992515087128,"y":-0.056188102811574939,"z":-0.046764399856328967},"rotation":{"x":-0.05183925852179527,"y":0.6978086829185486,"z":-0.050752513110637668,"w":-0.7126181721687317},"size":1.5601646900177003,"orthographic":false}